,source_id_clarity,output_frequency,start_of_period_utc_clarity,end_of_period_utc_clarity,no2_conc1_hour_mean_utc_clarity,rel_humid_internal1_hour_mean_clarity,temperature_internal1_hour_mean_clarity
0,A93NM49L,hour,2025-11-09 05:00:00+00:00,2025-11-09 06:00:00+00:00,17.65,77.06,10.19
1,A44MFTF3,hour,2025-11-09 05:00:00+00:00,2025-11-09 06:00:00+00:00,13.98,76.15,10.13
2,A93NM49L,hour,2025-11-09 06:00:00+00:00,2025-11-09 07:00:00+00:00,17.92,75.6,10.36
3,A44MFTF3,hour,2025-11-09 06:00:00+00:00,2025-11-09 07:00:00+00:00,13.09,74.84,10.32
4,A93NM49L,hour,2025-11-09 07:00:00+00:00,2025-11-09 08:00:00+00:00,20.89,77.2,9.93
5,A44MFTF3,hour,2025-11-09 07:00:00+00:00,2025-11-09 08:00:00+00:00,17.39,76.47,9.82
6,A93NM49L,hour,2025-11-09 08:00:00+00:00,2025-11-09 09:00:00+00:00,20.52,81.12,8.83
7,A44MFTF3,hour,2025-11-09 08:00:00+00:00,2025-11-09 09:00:00+00:00,20.09,80.18,8.87
8,A93NM49L,hour,2025-11-09 09:00:00+00:00,2025-11-09 10:00:00+00:00,20.62,85.08,7.8
9,A44MFTF3,hour,2025-11-09 09:00:00+00:00,2025-11-09 10:00:00+00:00,16.91,82.94,7.86
10,A93NM49L,hour,2025-11-09 10:00:00+00:00,2025-11-09 11:00:00+00:00,21.95,84.56,8.12
11,A44MFTF3,hour,2025-11-09 10:00:00+00:00,2025-11-09 11:00:00+00:00,17.76,83.47,8.14
12,A93NM49L,hour,2025-11-09 11:00:00+00:00,2025-11-09 12:00:00+00:00,22.92,84.87,8.42
13,A44MFTF3,hour,2025-11-09 11:00:00+00:00,2025-11-09 12:00:00+00:00,15.02,82.93,8.43
14,A93NM49L,hour,2025-11-09 12:00:00+00:00,2025-11-09 13:00:00+00:00,18.62,83.05,9.23
15,A44MFTF3,hour,2025-11-09 12:00:00+00:00,2025-11-09 13:00:00+00:00,12.46,82.1,9.14
16,A93NM49L,hour,2025-11-09 13:00:00+00:00,2025-11-09 14:00:00+00:00,16.33,79.39,11.03
17,A44MFTF3,hour,2025-11-09 13:00:00+00:00,2025-11-09 14:00:00+00:00,12.2,79.15,10.77
18,A93NM49L,hour,2025-11-09 14:00:00+00:00,2025-11-09 15:00:00+00:00,16.03,76.67,12.52
19,A44MFTF3,hour,2025-11-09 14:00:00+00:00,2025-11-09 15:00:00+00:00,10.72,75.89,12.44
20,A93NM49L,hour,2025-11-09 15:00:00+00:00,2025-11-09 16:00:00+00:00,12.52,72.59,14.02
21,A44MFTF3,hour,2025-11-09 15:00:00+00:00,2025-11-09 16:00:00+00:00,11.58,72.11,14.04
22,A93NM49L,hour,2025-11-09 16:00:00+00:00,2025-11-09 17:00:00+00:00,16.11,72.49,14.79
23,A44MFTF3,hour,2025-11-09 16:00:00+00:00,2025-11-09 17:00:00+00:00,13.01,72.31,14.68
24,A93NM49L,hour,2025-11-09 17:00:00+00:00,2025-11-09 18:00:00+00:00,18.38,76.01,14.49
25,A44MFTF3,hour,2025-11-09 17:00:00+00:00,2025-11-09 18:00:00+00:00,19.5,76.03,14.33
26,A93NM49L,hour,2025-11-09 18:00:00+00:00,2025-11-09 19:00:00+00:00,18.29,76.9,14.21
27,A44MFTF3,hour,2025-11-09 18:00:00+00:00,2025-11-09 19:00:00+00:00,16.79,76.52,14.09
28,A93NM49L,hour,2025-11-09 19:00:00+00:00,2025-11-09 20:00:00+00:00,15.34,78.0,14.15
29,A44MFTF3,hour,2025-11-09 19:00:00+00:00,2025-11-09 20:00:00+00:00,16.27,77.27,14.04
30,A93NM49L,hour,2025-11-09 20:00:00+00:00,2025-11-09 21:00:00+00:00,16.44,77.95,14.49
31,A44MFTF3,hour,2025-11-09 20:00:00+00:00,2025-11-09 21:00:00+00:00,16.37,77.34,14.37
32,A93NM49L,hour,2025-11-09 21:00:00+00:00,2025-11-09 22:00:00+00:00,17.35,79.02,14.38
33,A44MFTF3,hour,2025-11-09 21:00:00+00:00,2025-11-09 22:00:00+00:00,18.64,78.18,14.3
34,A93NM49L,hour,2025-11-09 22:00:00+00:00,2025-11-09 23:00:00+00:00,22.09,81.61,13.44
35,A44MFTF3,hour,2025-11-09 22:00:00+00:00,2025-11-09 23:00:00+00:00,25.63,80.92,13.4
36,A93NM49L,hour,2025-11-09 23:00:00+00:00,2025-11-10 00:00:00+00:00,21.46,83.82,11.95
37,A44MFTF3,hour,2025-11-09 23:00:00+00:00,2025-11-10 00:00:00+00:00,23.32,83.05,11.96
38,A93NM49L,hour,2025-11-10 00:00:00+00:00,2025-11-10 01:00:00+00:00,19.94,86.81,10.6
39,A44MFTF3,hour,2025-11-10 00:00:00+00:00,2025-11-10 01:00:00+00:00,21.08,85.94,10.59
40,A93NM49L,hour,2025-11-10 01:00:00+00:00,2025-11-10 02:00:00+00:00,23.72,89.83,10.73
41,A44MFTF3,hour,2025-11-10 01:00:00+00:00,2025-11-10 02:00:00+00:00,20.99,88.33,10.68
42,A93NM49L,hour,2025-11-10 02:00:00+00:00,2025-11-10 03:00:00+00:00,19.67,89.06,11.26
43,A44MFTF3,hour,2025-11-10 02:00:00+00:00,2025-11-10 03:00:00+00:00,19.16,87.68,11.22
44,A93NM49L,hour,2025-11-10 03:00:00+00:00,2025-11-10 04:00:00+00:00,15.35,85.03,11.36
45,A44MFTF3,hour,2025-11-10 03:00:00+00:00,2025-11-10 04:00:00+00:00,15.76,85.77,11.29
46,A93NM49L,hour,2025-11-10 04:00:00+00:00,2025-11-10 05:00:00+00:00,3.53,79.0,10.83
47,A44MFTF3,hour,2025-11-10 04:00:00+00:00,2025-11-10 05:00:00+00:00,6.9,80.65,10.82
48,A93NM49L,hour,2025-11-10 05:00:00+00:00,2025-11-10 06:00:00+00:00,7.33,73.76,10.31
49,A44MFTF3,hour,2025-11-10 05:00:00+00:00,2025-11-10 06:00:00+00:00,0.63,73.37,10.33
50,A93NM49L,hour,2025-11-10 06:00:00+00:00,2025-11-10 07:00:00+00:00,4.58,66.67,10.75
51,A44MFTF3,hour,2025-11-10 06:00:00+00:00,2025-11-10 07:00:00+00:00,2.37,66.77,10.66
52,A93NM49L,hour,2025-11-10 07:00:00+00:00,2025-11-10 08:00:00+00:00,7.39,65.02,10.53
53,A44MFTF3,hour,2025-11-10 07:00:00+00:00,2025-11-10 08:00:00+00:00,7.01,64.97,10.37
54,A93NM49L,hour,2025-11-10 08:00:00+00:00,2025-11-10 09:00:00+00:00,7.19,62.63,9.5
55,A44MFTF3,hour,2025-11-10 08:00:00+00:00,2025-11-10 09:00:00+00:00,7.12,63.39,9.27
56,A93NM49L,hour,2025-11-10 09:00:00+00:00,2025-11-10 10:00:00+00:00,8.5,62.02,8.46
57,A44MFTF3,hour,2025-11-10 09:00:00+00:00,2025-11-10 10:00:00+00:00,7.39,62.47,8.43
58,A93NM49L,hour,2025-11-10 10:00:00+00:00,2025-11-10 11:00:00+00:00,9.01,61.85,7.47
59,A44MFTF3,hour,2025-11-10 10:00:00+00:00,2025-11-10 11:00:00+00:00,9.1,62.6,7.45
60,A93NM49L,hour,2025-11-10 11:00:00+00:00,2025-11-10 12:00:00+00:00,11.05,62.73,6.63
61,A44MFTF3,hour,2025-11-10 11:00:00+00:00,2025-11-10 12:00:00+00:00,9.1,62.44,6.59
62,A93NM49L,hour,2025-11-10 12:00:00+00:00,2025-11-10 13:00:00+00:00,11.28,63.58,6.34
63,A44MFTF3,hour,2025-11-10 12:00:00+00:00,2025-11-10 13:00:00+00:00,9.73,63.42,6.27
64,A93NM49L,hour,2025-11-10 13:00:00+00:00,2025-11-10 14:00:00+00:00,4.4,59.3,7.87
65,A44MFTF3,hour,2025-11-10 13:00:00+00:00,2025-11-10 14:00:00+00:00,-0.53,59.51,7.57
66,A93NM49L,hour,2025-11-10 14:00:00+00:00,2025-11-10 15:00:00+00:00,5.08,56.84,8.73
67,A44MFTF3,hour,2025-11-10 14:00:00+00:00,2025-11-10 15:00:00+00:00,5.52,59.05,8.07
68,A93NM49L,hour,2025-11-10 15:00:00+00:00,2025-11-10 16:00:00+00:00,9.57,57.46,7.99
69,A44MFTF3,hour,2025-11-10 15:00:00+00:00,2025-11-10 16:00:00+00:00,7.32,58.15,7.69
70,A93NM49L,hour,2025-11-10 16:00:00+00:00,2025-11-10 17:00:00+00:00,7.46,57.11,7.2
71,A44MFTF3,hour,2025-11-10 16:00:00+00:00,2025-11-10 17:00:00+00:00,6.9,57.35,7.05
72,A93NM49L,hour,2025-11-10 17:00:00+00:00,2025-11-10 18:00:00+00:00,6.41,55.79,6.98
73,A44MFTF3,hour,2025-11-10 17:00:00+00:00,2025-11-10 18:00:00+00:00,5.54,56.43,6.86
74,A93NM49L,hour,2025-11-10 18:00:00+00:00,2025-11-10 19:00:00+00:00,6.89,54.93,6.75
75,A44MFTF3,hour,2025-11-10 18:00:00+00:00,2025-11-10 19:00:00+00:00,6.33,55.8,6.56
76,A93NM49L,hour,2025-11-10 19:00:00+00:00,2025-11-10 20:00:00+00:00,6.83,54.35,6.09
77,A44MFTF3,hour,2025-11-10 19:00:00+00:00,2025-11-10 20:00:00+00:00,6.15,54.54,6.05
78,A93NM49L,hour,2025-11-10 20:00:00+00:00,2025-11-10 21:00:00+00:00,6.3,51.44,5.42
79,A44MFTF3,hour,2025-11-10 20:00:00+00:00,2025-11-10 21:00:00+00:00,6.17,52.51,5.36
80,A93NM49L,hour,2025-11-10 21:00:00+00:00,2025-11-10 22:00:00+00:00,7.5,51.17,5.06
81,A44MFTF3,hour,2025-11-10 21:00:00+00:00,2025-11-10 22:00:00+00:00,6.88,51.77,4.92
82,A93NM49L,hour,2025-11-10 22:00:00+00:00,2025-11-10 23:00:00+00:00,8.83,51.31,4.49
83,A44MFTF3,hour,2025-11-10 22:00:00+00:00,2025-11-10 23:00:00+00:00,4.9,50.84,4.39
84,A93NM49L,hour,2025-11-10 23:00:00+00:00,2025-11-11 00:00:00+00:00,4.82,47.35,3.99
85,A44MFTF3,hour,2025-11-10 23:00:00+00:00,2025-11-11 00:00:00+00:00,4.53,48.0,3.86
86,A93NM49L,hour,2025-11-11 00:00:00+00:00,2025-11-11 01:00:00+00:00,7.19,49.58,3.04
87,A44MFTF3,hour,2025-11-11 00:00:00+00:00,2025-11-11 01:00:00+00:00,9.39,49.29,3.02
88,A93NM49L,hour,2025-11-11 01:00:00+00:00,2025-11-11 02:00:00+00:00,9.0,52.04,2.28
89,A44MFTF3,hour,2025-11-11 01:00:00+00:00,2025-11-11 02:00:00+00:00,9.13,52.16,2.27
90,A93NM49L,hour,2025-11-11 02:00:00+00:00,2025-11-11 03:00:00+00:00,3.96,50.58,1.8
91,A44MFTF3,hour,2025-11-11 02:00:00+00:00,2025-11-11 03:00:00+00:00,5.98,50.84,1.79
92,A93NM49L,hour,2025-11-11 03:00:00+00:00,2025-11-11 04:00:00+00:00,7.09,52.47,1.3
93,A44MFTF3,hour,2025-11-11 03:00:00+00:00,2025-11-11 04:00:00+00:00,6.73,52.13,1.27
94,A93NM49L,hour,2025-11-11 04:00:00+00:00,2025-11-11 05:00:00+00:00,8.48,54.61,1.02
95,A44MFTF3,hour,2025-11-11 04:00:00+00:00,2025-11-11 05:00:00+00:00,9.03,55.04,0.96
96,A93NM49L,hour,2025-11-11 05:00:00+00:00,2025-11-11 06:00:00+00:00,6.82,55.56,1.39
97,A44MFTF3,hour,2025-11-11 05:00:00+00:00,2025-11-11 06:00:00+00:00,8.02,54.85,1.29
98,A93NM49L,hour,2025-11-11 06:00:00+00:00,2025-11-11 07:00:00+00:00,6.39,55.01,1.75
99,A44MFTF3,hour,2025-11-11 06:00:00+00:00,2025-11-11 07:00:00+00:00,7.1,54.99,1.68
100,A93NM49L,hour,2025-11-11 07:00:00+00:00,2025-11-11 08:00:00+00:00,5.96,54.87,1.77
101,A44MFTF3,hour,2025-11-11 07:00:00+00:00,2025-11-11 08:00:00+00:00,5.27,54.47,1.73
102,A93NM49L,hour,2025-11-11 08:00:00+00:00,2025-11-11 09:00:00+00:00,7.5,56.51,1.54
103,A44MFTF3,hour,2025-11-11 08:00:00+00:00,2025-11-11 09:00:00+00:00,7.88,56.23,1.46
104,A93NM49L,hour,2025-11-11 09:00:00+00:00,2025-11-11 10:00:00+00:00,7.4,56.88,1.25
105,A44MFTF3,hour,2025-11-11 09:00:00+00:00,2025-11-11 10:00:00+00:00,6.2,56.12,1.16
106,A93NM49L,hour,2025-11-11 10:00:00+00:00,2025-11-11 11:00:00+00:00,6.8,55.62,0.98
107,A44MFTF3,hour,2025-11-11 10:00:00+00:00,2025-11-11 11:00:00+00:00,8.31,56.07,0.95
108,A93NM49L,hour,2025-11-11 11:00:00+00:00,2025-11-11 12:00:00+00:00,6.59,55.98,0.63
109,A44MFTF3,hour,2025-11-11 11:00:00+00:00,2025-11-11 12:00:00+00:00,7.75,55.88,0.56
110,A93NM49L,hour,2025-11-11 12:00:00+00:00,2025-11-11 13:00:00+00:00,7.74,55.81,0.92
111,A44MFTF3,hour,2025-11-11 12:00:00+00:00,2025-11-11 13:00:00+00:00,7.65,55.22,0.83
112,A93NM49L,hour,2025-11-11 13:00:00+00:00,2025-11-11 14:00:00+00:00,5.06,51.34,1.8
113,A44MFTF3,hour,2025-11-11 13:00:00+00:00,2025-11-11 14:00:00+00:00,5.8,51.94,1.64
114,A93NM49L,hour,2025-11-11 14:00:00+00:00,2025-11-11 15:00:00+00:00,3.41,48.75,2.46
115,A44MFTF3,hour,2025-11-11 14:00:00+00:00,2025-11-11 15:00:00+00:00,3.98,49.11,2.21
116,A93NM49L,hour,2025-11-11 15:00:00+00:00,2025-11-11 16:00:00+00:00,5.73,46.55,3.82
117,A44MFTF3,hour,2025-11-11 15:00:00+00:00,2025-11-11 16:00:00+00:00,1.16,46.84,3.43
118,A93NM49L,hour,2025-11-11 16:00:00+00:00,2025-11-11 17:00:00+00:00,6.1,44.94,4.97
119,A44MFTF3,hour,2025-11-11 16:00:00+00:00,2025-11-11 17:00:00+00:00,4.29,46.24,4.58
120,A93NM49L,hour,2025-11-11 17:00:00+00:00,2025-11-11 18:00:00+00:00,8.52,47.55,4.68
121,A44MFTF3,hour,2025-11-11 17:00:00+00:00,2025-11-11 18:00:00+00:00,8.97,48.96,4.23
122,A93NM49L,hour,2025-11-11 18:00:00+00:00,2025-11-11 19:00:00+00:00,7.8,47.26,5.36
123,A44MFTF3,hour,2025-11-11 18:00:00+00:00,2025-11-11 19:00:00+00:00,6.05,48.05,5.1
124,A93NM49L,hour,2025-11-11 19:00:00+00:00,2025-11-11 20:00:00+00:00,8.42,47.31,5.9
125,A44MFTF3,hour,2025-11-11 19:00:00+00:00,2025-11-11 20:00:00+00:00,5.65,46.76,5.91
126,A93NM49L,hour,2025-11-11 20:00:00+00:00,2025-11-11 21:00:00+00:00,9.61,46.87,6.13
127,A44MFTF3,hour,2025-11-11 20:00:00+00:00,2025-11-11 21:00:00+00:00,9.17,47.48,5.83
128,A93NM49L,hour,2025-11-11 21:00:00+00:00,2025-11-11 22:00:00+00:00,11.36,49.61,5.39
129,A44MFTF3,hour,2025-11-11 21:00:00+00:00,2025-11-11 22:00:00+00:00,10.48,50.1,5.11
130,A93NM49L,hour,2025-11-11 22:00:00+00:00,2025-11-11 23:00:00+00:00,12.88,51.37,4.64
131,A44MFTF3,hour,2025-11-11 22:00:00+00:00,2025-11-11 23:00:00+00:00,13.89,51.32,4.56
132,A93NM49L,hour,2025-11-11 23:00:00+00:00,2025-11-12 00:00:00+00:00,14.76,52.46,4.48
133,A44MFTF3,hour,2025-11-11 23:00:00+00:00,2025-11-12 00:00:00+00:00,15.63,52.0,4.38
134,A93NM49L,hour,2025-11-12 00:00:00+00:00,2025-11-12 01:00:00+00:00,16.18,53.24,3.78
135,A44MFTF3,hour,2025-11-12 00:00:00+00:00,2025-11-12 01:00:00+00:00,21.23,53.17,3.6
136,A93NM49L,hour,2025-11-12 01:00:00+00:00,2025-11-12 02:00:00+00:00,14.22,54.16,2.91
137,A44MFTF3,hour,2025-11-12 01:00:00+00:00,2025-11-12 02:00:00+00:00,17.06,54.04,2.79
138,A93NM49L,hour,2025-11-12 02:00:00+00:00,2025-11-12 03:00:00+00:00,17.12,55.42,2.58
139,A44MFTF3,hour,2025-11-12 02:00:00+00:00,2025-11-12 03:00:00+00:00,21.87,55.01,2.52
140,A93NM49L,hour,2025-11-12 03:00:00+00:00,2025-11-12 04:00:00+00:00,15.04,56.47,2.5
141,A44MFTF3,hour,2025-11-12 03:00:00+00:00,2025-11-12 04:00:00+00:00,16.42,56.37,2.43
142,A93NM49L,hour,2025-11-12 04:00:00+00:00,2025-11-12 05:00:00+00:00,17.3,58.96,2.42
143,A44MFTF3,hour,2025-11-12 04:00:00+00:00,2025-11-12 05:00:00+00:00,20.81,58.85,2.34
144,A93NM49L,hour,2025-11-12 05:00:00+00:00,2025-11-12 06:00:00+00:00,18.14,61.64,2.34
145,A44MFTF3,hour,2025-11-12 05:00:00+00:00,2025-11-12 06:00:00+00:00,19.85,60.63,2.3
146,A93NM49L,hour,2025-11-12 06:00:00+00:00,2025-11-12 07:00:00+00:00,22.46,61.26,2.38
147,A44MFTF3,hour,2025-11-12 06:00:00+00:00,2025-11-12 07:00:00+00:00,26.54,60.88,2.36
148,A93NM49L,hour,2025-11-12 07:00:00+00:00,2025-11-12 08:00:00+00:00,15.57,58.43,2.58
149,A44MFTF3,hour,2025-11-12 07:00:00+00:00,2025-11-12 08:00:00+00:00,18.07,58.59,2.52
150,A93NM49L,hour,2025-11-12 08:00:00+00:00,2025-11-12 09:00:00+00:00,9.03,55.35,3.01
151,A44MFTF3,hour,2025-11-12 08:00:00+00:00,2025-11-12 09:00:00+00:00,6.81,54.05,2.97
152,A93NM49L,hour,2025-11-12 09:00:00+00:00,2025-11-12 10:00:00+00:00,14.57,55.21,3.18
153,A44MFTF3,hour,2025-11-12 09:00:00+00:00,2025-11-12 10:00:00+00:00,15.54,55.68,3.11
154,A93NM49L,hour,2025-11-12 10:00:00+00:00,2025-11-12 11:00:00+00:00,19.1,59.45,3.05
155,A44MFTF3,hour,2025-11-12 10:00:00+00:00,2025-11-12 11:00:00+00:00,22.77,59.53,3.01
156,A93NM49L,hour,2025-11-12 11:00:00+00:00,2025-11-12 12:00:00+00:00,19.11,58.06,2.96
157,A44MFTF3,hour,2025-11-12 11:00:00+00:00,2025-11-12 12:00:00+00:00,24.03,58.08,2.89
158,A93NM49L,hour,2025-11-12 12:00:00+00:00,2025-11-12 13:00:00+00:00,15.89,57.34,3.17
159,A44MFTF3,hour,2025-11-12 12:00:00+00:00,2025-11-12 13:00:00+00:00,16.59,55.54,3.09
160,A93NM49L,hour,2025-11-12 13:00:00+00:00,2025-11-12 14:00:00+00:00,19.1,57.06,3.56
161,A44MFTF3,hour,2025-11-12 13:00:00+00:00,2025-11-12 14:00:00+00:00,20.23,55.56,3.49
162,A93NM49L,hour,2025-11-12 14:00:00+00:00,2025-11-12 15:00:00+00:00,18.77,53.14,4.5
163,A44MFTF3,hour,2025-11-12 14:00:00+00:00,2025-11-12 15:00:00+00:00,22.81,54.49,4.2
164,A93NM49L,hour,2025-11-12 15:00:00+00:00,2025-11-12 16:00:00+00:00,14.85,51.02,5.87
165,A44MFTF3,hour,2025-11-12 15:00:00+00:00,2025-11-12 16:00:00+00:00,14.62,52.03,5.28
166,A93NM49L,hour,2025-11-12 16:00:00+00:00,2025-11-12 17:00:00+00:00,8.2,45.22,9.57
167,A44MFTF3,hour,2025-11-12 16:00:00+00:00,2025-11-12 17:00:00+00:00,5.21,47.16,8.57
168,A93NM49L,hour,2025-11-12 17:00:00+00:00,2025-11-12 18:00:00+00:00,1.74,40.11,13.57
169,A44MFTF3,hour,2025-11-12 17:00:00+00:00,2025-11-12 18:00:00+00:00,1.98,43.28,12.29
170,A93NM49L,hour,2025-11-12 18:00:00+00:00,2025-11-12 19:00:00+00:00,11.11,42.32,13.79
171,A44MFTF3,hour,2025-11-12 18:00:00+00:00,2025-11-12 19:00:00+00:00,15.23,43.99,13.31
172,A93NM49L,hour,2025-11-12 19:00:00+00:00,2025-11-12 20:00:00+00:00,14.26,45.19,13.6
173,A44MFTF3,hour,2025-11-12 19:00:00+00:00,2025-11-12 20:00:00+00:00,17.12,45.83,13.42
174,A93NM49L,hour,2025-11-12 20:00:00+00:00,2025-11-12 21:00:00+00:00,14.46,47.17,12.53
175,A44MFTF3,hour,2025-11-12 20:00:00+00:00,2025-11-12 21:00:00+00:00,17.17,47.81,12.38
176,A93NM49L,hour,2025-11-12 21:00:00+00:00,2025-11-12 22:00:00+00:00,17.53,48.53,12.09
177,A44MFTF3,hour,2025-11-12 21:00:00+00:00,2025-11-12 22:00:00+00:00,18.12,48.63,12.01
178,A93NM49L,hour,2025-11-12 22:00:00+00:00,2025-11-12 23:00:00+00:00,14.39,52.2,11.49
179,A44MFTF3,hour,2025-11-12 22:00:00+00:00,2025-11-12 23:00:00+00:00,13.43,51.87,11.43
180,A93NM49L,hour,2025-11-12 23:00:00+00:00,2025-11-13 00:00:00+00:00,12.7,53.39,10.98
181,A44MFTF3,hour,2025-11-12 23:00:00+00:00,2025-11-13 00:00:00+00:00,12.53,53.22,10.92
182,A93NM49L,hour,2025-11-13 00:00:00+00:00,2025-11-13 01:00:00+00:00,13.71,54.34,10.31
183,A44MFTF3,hour,2025-11-13 00:00:00+00:00,2025-11-13 01:00:00+00:00,12.81,53.9,10.24
184,A93NM49L,hour,2025-11-13 01:00:00+00:00,2025-11-13 02:00:00+00:00,14.57,54.43,10.43
185,A44MFTF3,hour,2025-11-13 01:00:00+00:00,2025-11-13 02:00:00+00:00,12.02,53.45,10.39
186,A93NM49L,hour,2025-11-13 02:00:00+00:00,2025-11-13 03:00:00+00:00,11.45,52.5,10.29
187,A44MFTF3,hour,2025-11-13 02:00:00+00:00,2025-11-13 03:00:00+00:00,11.79,53.11,10.24
188,A93NM49L,hour,2025-11-13 03:00:00+00:00,2025-11-13 04:00:00+00:00,12.34,49.76,9.9
189,A44MFTF3,hour,2025-11-13 03:00:00+00:00,2025-11-13 04:00:00+00:00,10.95,49.85,9.84
190,A93NM49L,hour,2025-11-13 04:00:00+00:00,2025-11-13 05:00:00+00:00,9.56,47.13,10.11
191,A44MFTF3,hour,2025-11-13 04:00:00+00:00,2025-11-13 05:00:00+00:00,8.85,47.37,10.05
192,A93NM49L,hour,2025-11-13 05:00:00+00:00,2025-11-13 06:00:00+00:00,13.3,47.49,9.83
193,A44MFTF3,hour,2025-11-13 05:00:00+00:00,2025-11-13 06:00:00+00:00,13.32,47.72,9.72
194,A93NM49L,hour,2025-11-13 06:00:00+00:00,2025-11-13 07:00:00+00:00,16.32,49.15,9.34
195,A44MFTF3,hour,2025-11-13 06:00:00+00:00,2025-11-13 07:00:00+00:00,14.92,48.99,9.36
196,A93NM49L,hour,2025-11-13 07:00:00+00:00,2025-11-13 08:00:00+00:00,18.8,51.64,8.49
197,A44MFTF3,hour,2025-11-13 07:00:00+00:00,2025-11-13 08:00:00+00:00,16.09,51.15,8.48
198,A93NM49L,hour,2025-11-13 08:00:00+00:00,2025-11-13 09:00:00+00:00,12.84,51.55,8.91
199,A44MFTF3,hour,2025-11-13 08:00:00+00:00,2025-11-13 09:00:00+00:00,11.63,51.5,8.9
200,A93NM49L,hour,2025-11-13 09:00:00+00:00,2025-11-13 10:00:00+00:00,19.41,56.29,7.57
201,A44MFTF3,hour,2025-11-13 09:00:00+00:00,2025-11-13 10:00:00+00:00,15.26,54.87,7.57
202,A93NM49L,hour,2025-11-13 10:00:00+00:00,2025-11-13 11:00:00+00:00,11.49,54.34,7.06
203,A44MFTF3,hour,2025-11-13 10:00:00+00:00,2025-11-13 11:00:00+00:00,9.93,53.89,7.09
204,A93NM49L,hour,2025-11-13 11:00:00+00:00,2025-11-13 12:00:00+00:00,19.77,57.71,6.11
205,A44MFTF3,hour,2025-11-13 11:00:00+00:00,2025-11-13 12:00:00+00:00,19.32,57.56,6.16
206,A93NM49L,hour,2025-11-13 12:00:00+00:00,2025-11-13 13:00:00+00:00,27.91,63.57,4.6
207,A44MFTF3,hour,2025-11-13 12:00:00+00:00,2025-11-13 13:00:00+00:00,30.63,62.32,4.64
208,A93NM49L,hour,2025-11-13 13:00:00+00:00,2025-11-13 14:00:00+00:00,10.29,55.51,7.28
209,A44MFTF3,hour,2025-11-13 13:00:00+00:00,2025-11-13 14:00:00+00:00,8.68,55.77,7.07
210,A93NM49L,hour,2025-11-13 14:00:00+00:00,2025-11-13 15:00:00+00:00,5.43,47.7,9.41
211,A44MFTF3,hour,2025-11-13 14:00:00+00:00,2025-11-13 15:00:00+00:00,1.09,48.07,9.15
212,A93NM49L,hour,2025-11-13 15:00:00+00:00,2025-11-13 16:00:00+00:00,5.43,43.3,10.0
213,A44MFTF3,hour,2025-11-13 15:00:00+00:00,2025-11-13 16:00:00+00:00,4.62,44.16,9.84
214,A93NM49L,hour,2025-11-13 16:00:00+00:00,2025-11-13 17:00:00+00:00,2.6,39.59,11.57
215,A44MFTF3,hour,2025-11-13 16:00:00+00:00,2025-11-13 17:00:00+00:00,1.93,41.3,11.02
216,A93NM49L,hour,2025-11-13 17:00:00+00:00,2025-11-13 18:00:00+00:00,1.72,36.05,13.36
217,A44MFTF3,hour,2025-11-13 17:00:00+00:00,2025-11-13 18:00:00+00:00,0.96,37.18,13.04
218,A93NM49L,hour,2025-11-13 18:00:00+00:00,2025-11-13 19:00:00+00:00,3.02,34.16,13.77
219,A44MFTF3,hour,2025-11-13 18:00:00+00:00,2025-11-13 19:00:00+00:00,6.15,35.4,13.26
220,A93NM49L,hour,2025-11-13 19:00:00+00:00,2025-11-13 20:00:00+00:00,12.99,35.85,13.12
221,A44MFTF3,hour,2025-11-13 19:00:00+00:00,2025-11-13 20:00:00+00:00,14.29,36.53,12.82
222,A93NM49L,hour,2025-11-13 20:00:00+00:00,2025-11-13 21:00:00+00:00,11.6,34.88,12.59
223,A44MFTF3,hour,2025-11-13 20:00:00+00:00,2025-11-13 21:00:00+00:00,13.43,36.36,12.45
224,A93NM49L,hour,2025-11-13 21:00:00+00:00,2025-11-13 22:00:00+00:00,15.92,37.65,11.4
225,A44MFTF3,hour,2025-11-13 21:00:00+00:00,2025-11-13 22:00:00+00:00,15.94,38.19,11.38
226,A93NM49L,hour,2025-11-13 22:00:00+00:00,2025-11-13 23:00:00+00:00,19.73,44.36,9.22
227,A44MFTF3,hour,2025-11-13 22:00:00+00:00,2025-11-13 23:00:00+00:00,19.17,43.38,9.29
228,A93NM49L,hour,2025-11-13 23:00:00+00:00,2025-11-14 00:00:00+00:00,32.33,53.59,6.61
229,A44MFTF3,hour,2025-11-13 23:00:00+00:00,2025-11-14 00:00:00+00:00,33.98,52.55,6.68
230,A93NM49L,hour,2025-11-14 00:00:00+00:00,2025-11-14 01:00:00+00:00,25.26,59.35,5.19
231,A44MFTF3,hour,2025-11-14 00:00:00+00:00,2025-11-14 01:00:00+00:00,27.79,57.46,5.22
232,A93NM49L,hour,2025-11-14 01:00:00+00:00,2025-11-14 02:00:00+00:00,14.96,56.69,5.37
233,A44MFTF3,hour,2025-11-14 01:00:00+00:00,2025-11-14 02:00:00+00:00,12.53,55.82,5.35
234,A93NM49L,hour,2025-11-14 02:00:00+00:00,2025-11-14 03:00:00+00:00,7.85,50.9,7.31
235,A44MFTF3,hour,2025-11-14 02:00:00+00:00,2025-11-14 03:00:00+00:00,3.82,50.39,7.32
236,A93NM49L,hour,2025-11-14 03:00:00+00:00,2025-11-14 04:00:00+00:00,11.11,49.96,7.7
237,A44MFTF3,hour,2025-11-14 03:00:00+00:00,2025-11-14 04:00:00+00:00,6.63,49.21,7.68
238,A93NM49L,hour,2025-11-14 04:00:00+00:00,2025-11-14 05:00:00+00:00,8.4,50.44,7.49
239,A44MFTF3,hour,2025-11-14 04:00:00+00:00,2025-11-14 05:00:00+00:00,4.81,50.0,7.46
240,A93NM49L,hour,2025-11-14 05:00:00+00:00,2025-11-14 06:00:00+00:00,11.68,52.7,7.43
241,A44MFTF3,hour,2025-11-14 05:00:00+00:00,2025-11-14 06:00:00+00:00,8.54,52.04,7.4
242,A93NM49L,hour,2025-11-14 06:00:00+00:00,2025-11-14 07:00:00+00:00,11.32,54.96,6.99
243,A44MFTF3,hour,2025-11-14 06:00:00+00:00,2025-11-14 07:00:00+00:00,8.46,54.52,6.94
244,A93NM49L,hour,2025-11-14 07:00:00+00:00,2025-11-14 08:00:00+00:00,10.0,55.24,6.36
245,A44MFTF3,hour,2025-11-14 07:00:00+00:00,2025-11-14 08:00:00+00:00,6.84,54.39,6.41
246,A93NM49L,hour,2025-11-14 08:00:00+00:00,2025-11-14 09:00:00+00:00,11.73,56.06,5.49
247,A44MFTF3,hour,2025-11-14 08:00:00+00:00,2025-11-14 09:00:00+00:00,10.58,55.66,5.53
248,A93NM49L,hour,2025-11-14 09:00:00+00:00,2025-11-14 10:00:00+00:00,25.01,62.43,3.51
249,A44MFTF3,hour,2025-11-14 09:00:00+00:00,2025-11-14 10:00:00+00:00,29.36,61.53,3.4
250,A93NM49L,hour,2025-11-14 10:00:00+00:00,2025-11-14 11:00:00+00:00,28.04,64.97,2.48
251,A44MFTF3,hour,2025-11-14 10:00:00+00:00,2025-11-14 11:00:00+00:00,32.36,63.77,2.46
252,A93NM49L,hour,2025-11-14 11:00:00+00:00,2025-11-14 12:00:00+00:00,28.17,67.79,1.55
253,A44MFTF3,hour,2025-11-14 11:00:00+00:00,2025-11-14 12:00:00+00:00,30.05,67.07,1.54
254,A93NM49L,hour,2025-11-14 12:00:00+00:00,2025-11-14 13:00:00+00:00,21.2,65.25,2.59
255,A44MFTF3,hour,2025-11-14 12:00:00+00:00,2025-11-14 13:00:00+00:00,24.4,65.23,2.38
256,A93NM49L,hour,2025-11-14 13:00:00+00:00,2025-11-14 14:00:00+00:00,7.61,55.59,6.47
257,A44MFTF3,hour,2025-11-14 13:00:00+00:00,2025-11-14 14:00:00+00:00,5.62,56.92,5.79
258,A93NM49L,hour,2025-11-14 14:00:00+00:00,2025-11-14 15:00:00+00:00,5.71,50.49,9.23
259,A44MFTF3,hour,2025-11-14 14:00:00+00:00,2025-11-14 15:00:00+00:00,5.43,51.85,8.61
260,A93NM49L,hour,2025-11-14 15:00:00+00:00,2025-11-14 16:00:00+00:00,1.47,45.03,11.91
261,A44MFTF3,hour,2025-11-14 15:00:00+00:00,2025-11-14 16:00:00+00:00,-5.26,45.11,11.65
262,A93NM49L,hour,2025-11-14 16:00:00+00:00,2025-11-14 17:00:00+00:00,-0.18,41.17,13.35
263,A44MFTF3,hour,2025-11-14 16:00:00+00:00,2025-11-14 17:00:00+00:00,2.35,42.45,12.96
264,A93NM49L,hour,2025-11-14 17:00:00+00:00,2025-11-14 18:00:00+00:00,9.3,38.03,13.51
265,A44MFTF3,hour,2025-11-14 17:00:00+00:00,2025-11-14 18:00:00+00:00,4.57,39.3,13.18
266,A93NM49L,hour,2025-11-14 18:00:00+00:00,2025-11-14 19:00:00+00:00,9.48,36.8,13.17
267,A44MFTF3,hour,2025-11-14 18:00:00+00:00,2025-11-14 19:00:00+00:00,12.78,38.17,13.0
268,A93NM49L,hour,2025-11-14 19:00:00+00:00,2025-11-14 20:00:00+00:00,15.85,38.35,12.01
269,A44MFTF3,hour,2025-11-14 19:00:00+00:00,2025-11-14 20:00:00+00:00,13.76,38.35,11.86
270,A93NM49L,hour,2025-11-14 20:00:00+00:00,2025-11-14 21:00:00+00:00,20.13,42.94,11.14
271,A44MFTF3,hour,2025-11-14 20:00:00+00:00,2025-11-14 21:00:00+00:00,21.58,43.26,11.01
272,A93NM49L,hour,2025-11-14 21:00:00+00:00,2025-11-14 22:00:00+00:00,22.42,46.64,10.46
273,A44MFTF3,hour,2025-11-14 21:00:00+00:00,2025-11-14 22:00:00+00:00,23.23,47.08,10.33
274,A93NM49L,hour,2025-11-14 22:00:00+00:00,2025-11-14 23:00:00+00:00,28.11,49.61,9.77
275,A44MFTF3,hour,2025-11-14 22:00:00+00:00,2025-11-14 23:00:00+00:00,28.51,49.44,9.75
276,A93NM49L,hour,2025-11-14 23:00:00+00:00,2025-11-15 00:00:00+00:00,29.87,54.22,8.96
277,A44MFTF3,hour,2025-11-14 23:00:00+00:00,2025-11-15 00:00:00+00:00,32.94,54.52,8.86
278,A93NM49L,hour,2025-11-15 00:00:00+00:00,2025-11-15 01:00:00+00:00,30.58,59.15,8.44
279,A44MFTF3,hour,2025-11-15 00:00:00+00:00,2025-11-15 01:00:00+00:00,31.41,58.2,8.35
280,A93NM49L,hour,2025-11-15 01:00:00+00:00,2025-11-15 02:00:00+00:00,26.54,60.03,7.89
281,A44MFTF3,hour,2025-11-15 01:00:00+00:00,2025-11-15 02:00:00+00:00,28.01,59.1,7.78
282,A93NM49L,hour,2025-11-15 02:00:00+00:00,2025-11-15 03:00:00+00:00,26.55,61.12,7.26
283,A44MFTF3,hour,2025-11-15 02:00:00+00:00,2025-11-15 03:00:00+00:00,27.23,60.23,7.16
284,A93NM49L,hour,2025-11-15 03:00:00+00:00,2025-11-15 04:00:00+00:00,27.75,63.06,7.02
285,A44MFTF3,hour,2025-11-15 03:00:00+00:00,2025-11-15 04:00:00+00:00,28.51,62.39,6.99
286,A93NM49L,hour,2025-11-15 04:00:00+00:00,2025-11-15 05:00:00+00:00,24.63,64.73,6.56
287,A44MFTF3,hour,2025-11-15 04:00:00+00:00,2025-11-15 05:00:00+00:00,24.76,63.54,6.56
288,A93NM49L,hour,2025-11-15 05:00:00+00:00,2025-11-15 06:00:00+00:00,24.44,66.29,6.33
289,A44MFTF3,hour,2025-11-15 05:00:00+00:00,2025-11-15 06:00:00+00:00,24.53,64.18,6.27
290,A93NM49L,hour,2025-11-15 06:00:00+00:00,2025-11-15 07:00:00+00:00,15.18,66.46,5.61
291,A44MFTF3,hour,2025-11-15 06:00:00+00:00,2025-11-15 07:00:00+00:00,14.98,65.71,5.4
292,A93NM49L,hour,2025-11-15 07:00:00+00:00,2025-11-15 08:00:00+00:00,13.24,68.64,4.47
293,A44MFTF3,hour,2025-11-15 07:00:00+00:00,2025-11-15 08:00:00+00:00,10.95,67.64,4.35
294,A93NM49L,hour,2025-11-15 08:00:00+00:00,2025-11-15 09:00:00+00:00,10.58,68.21,4.47
295,A44MFTF3,hour,2025-11-15 08:00:00+00:00,2025-11-15 09:00:00+00:00,9.96,67.32,4.41
296,A93NM49L,hour,2025-11-15 09:00:00+00:00,2025-11-15 10:00:00+00:00,13.79,71.92,3.89
297,A44MFTF3,hour,2025-11-15 09:00:00+00:00,2025-11-15 10:00:00+00:00,12.99,70.73,3.85
298,A93NM49L,hour,2025-11-15 10:00:00+00:00,2025-11-15 11:00:00+00:00,14.56,72.8,3.78
299,A44MFTF3,hour,2025-11-15 10:00:00+00:00,2025-11-15 11:00:00+00:00,12.77,71.56,3.73
300,A93NM49L,hour,2025-11-15 11:00:00+00:00,2025-11-15 12:00:00+00:00,13.97,72.47,3.93
301,A44MFTF3,hour,2025-11-15 11:00:00+00:00,2025-11-15 12:00:00+00:00,14.11,71.37,3.87
302,A93NM49L,hour,2025-11-15 12:00:00+00:00,2025-11-15 13:00:00+00:00,14.17,73.31,3.96
303,A44MFTF3,hour,2025-11-15 12:00:00+00:00,2025-11-15 13:00:00+00:00,13.65,72.26,3.9
304,A93NM49L,hour,2025-11-15 13:00:00+00:00,2025-11-15 14:00:00+00:00,12.47,69.15,5.66
305,A44MFTF3,hour,2025-11-15 13:00:00+00:00,2025-11-15 14:00:00+00:00,8.59,68.28,5.54
306,A93NM49L,hour,2025-11-15 14:00:00+00:00,2025-11-15 15:00:00+00:00,12.04,61.27,7.68
307,A44MFTF3,hour,2025-11-15 14:00:00+00:00,2025-11-15 15:00:00+00:00,10.15,62.09,7.51
308,A93NM49L,hour,2025-11-15 15:00:00+00:00,2025-11-15 16:00:00+00:00,12.97,53.36,9.79
309,A44MFTF3,hour,2025-11-15 15:00:00+00:00,2025-11-15 16:00:00+00:00,10.64,53.87,9.67
310,A93NM49L,hour,2025-11-15 16:00:00+00:00,2025-11-15 17:00:00+00:00,13.98,51.55,10.64
311,A44MFTF3,hour,2025-11-15 16:00:00+00:00,2025-11-15 17:00:00+00:00,12.83,51.84,10.54
312,A93NM49L,hour,2025-11-15 17:00:00+00:00,2025-11-15 18:00:00+00:00,16.5,49.96,11.72
313,A44MFTF3,hour,2025-11-15 17:00:00+00:00,2025-11-15 18:00:00+00:00,18.55,50.18,11.59
314,A93NM49L,hour,2025-11-15 18:00:00+00:00,2025-11-15 19:00:00+00:00,19.13,50.03,12.1
315,A44MFTF3,hour,2025-11-15 18:00:00+00:00,2025-11-15 19:00:00+00:00,21.01,50.18,12.0
316,A93NM49L,hour,2025-11-15 19:00:00+00:00,2025-11-15 20:00:00+00:00,18.18,50.66,12.38
317,A44MFTF3,hour,2025-11-15 19:00:00+00:00,2025-11-15 20:00:00+00:00,21.59,51.57,12.19
318,A93NM49L,hour,2025-11-15 20:00:00+00:00,2025-11-15 21:00:00+00:00,21.93,51.52,12.36
319,A44MFTF3,hour,2025-11-15 20:00:00+00:00,2025-11-15 21:00:00+00:00,25.21,51.54,12.24
320,A93NM49L,hour,2025-11-15 21:00:00+00:00,2025-11-15 22:00:00+00:00,21.02,52.57,11.79
321,A44MFTF3,hour,2025-11-15 21:00:00+00:00,2025-11-15 22:00:00+00:00,23.58,52.55,11.74
322,A93NM49L,hour,2025-11-15 22:00:00+00:00,2025-11-15 23:00:00+00:00,21.58,55.63,10.99
323,A44MFTF3,hour,2025-11-15 22:00:00+00:00,2025-11-15 23:00:00+00:00,24.5,55.27,10.92
324,A93NM49L,hour,2025-11-15 23:00:00+00:00,2025-11-16 00:00:00+00:00,22.49,57.88,10.54
325,A44MFTF3,hour,2025-11-15 23:00:00+00:00,2025-11-16 00:00:00+00:00,23.89,57.47,10.47
326,A93NM49L,hour,2025-11-16 00:00:00+00:00,2025-11-16 01:00:00+00:00,24.51,60.34,10.15
327,A44MFTF3,hour,2025-11-16 00:00:00+00:00,2025-11-16 01:00:00+00:00,24.18,59.73,10.05
328,A93NM49L,hour,2025-11-16 01:00:00+00:00,2025-11-16 02:00:00+00:00,24.02,62.47,9.74
329,A44MFTF3,hour,2025-11-16 01:00:00+00:00,2025-11-16 02:00:00+00:00,25.96,62.04,9.63
330,A93NM49L,hour,2025-11-16 02:00:00+00:00,2025-11-16 03:00:00+00:00,27.38,65.11,9.35
331,A44MFTF3,hour,2025-11-16 02:00:00+00:00,2025-11-16 03:00:00+00:00,27.58,63.88,9.37
332,A93NM49L,hour,2025-11-16 03:00:00+00:00,2025-11-16 04:00:00+00:00,28.1,69.26,9.12
333,A44MFTF3,hour,2025-11-16 03:00:00+00:00,2025-11-16 04:00:00+00:00,28.9,69.5,9.03
334,A93NM49L,hour,2025-11-16 04:00:00+00:00,2025-11-16 05:00:00+00:00,27.32,77.8,8.45
335,A44MFTF3,hour,2025-11-16 04:00:00+00:00,2025-11-16 05:00:00+00:00,27.65,76.26,8.35
