period_start,period_end,period_start_utc,period_end_utc,sn,n_datapoints,sample_rh,sample_temp,pm1,pm25,pm10,co,no,no2,o3
2025-11-09T00:00:00-05:00,2025-11-09T01:00:00-05:00,2025-11-09T05:00:00+00:00,2025-11-09T06:00:00+00:00,MOD-X-00959,59,71.578,12.215,16.345,17.045,25.864,-13.518,1.898,24.455,-28.382
2025-11-09T01:00:00-05:00,2025-11-09T02:00:00-05:00,2025-11-09T06:00:00+00:00,2025-11-09T07:00:00+00:00,MOD-X-00959,60,69.95,12.407,16.506,17.241,25.329,-21.942,2.18,23.166,-25.681
2025-11-09T02:00:00-05:00,2025-11-09T03:00:00-05:00,2025-11-09T07:00:00+00:00,2025-11-09T08:00:00+00:00,MOD-X-00959,60,72.04,11.853,16.928,17.595,25.275,-14.837,1.844,25.82,-31.029
2025-11-09T03:00:00-05:00,2025-11-09T04:00:00-05:00,2025-11-09T08:00:00+00:00,2025-11-09T09:00:00+00:00,MOD-X-00959,60,77.483,10.695,14.32,14.947,21.952,-13.46,0.977,25.973,-34.323
2025-11-09T04:00:00-05:00,2025-11-09T05:00:00-05:00,2025-11-09T09:00:00+00:00,2025-11-09T10:00:00+00:00,MOD-X-00959,60,80.67,9.837,12.943,13.575,19.191,-15.988,0.399,26.924,-37.093
2025-11-09T05:00:00-05:00,2025-11-09T06:00:00-05:00,2025-11-09T10:00:00+00:00,2025-11-09T11:00:00+00:00,MOD-X-00959,60,79.973,10.237,13.434,14.069,21.024,6.181,0.494,27.226,-36.578
2025-11-09T06:00:00-05:00,2025-11-09T07:00:00-05:00,2025-11-09T11:00:00+00:00,2025-11-09T12:00:00+00:00,MOD-X-00959,60,79.55,10.528,13.842,14.382,20.155,-5.844,0.569,26.278,-35.062
2025-11-09T07:00:00-05:00,2025-11-09T08:00:00-05:00,2025-11-09T12:00:00+00:00,2025-11-09T13:00:00+00:00,MOD-X-00959,60,77.79,11.313,14.395,14.908,21.085,-13.219,0.842,24.135,-29.618
2025-11-09T08:00:00-05:00,2025-11-09T09:00:00-05:00,2025-11-09T13:00:00+00:00,2025-11-09T14:00:00+00:00,MOD-X-00959,60,73.497,13.108,14.892,15.393,21.58,-27.875,1.472,21.658,-24.487
2025-11-09T09:00:00-05:00,2025-11-09T10:00:00-05:00,2025-11-09T14:00:00+00:00,2025-11-09T15:00:00+00:00,MOD-X-00959,60,70.81,14.463,13.272,13.778,20.237,-33.046,2.06,18.971,-22.879
2025-11-09T10:00:00-05:00,2025-11-09T11:00:00-05:00,2025-11-09T15:00:00+00:00,2025-11-09T16:00:00+00:00,MOD-X-00959,60,67.167,15.852,13.752,14.324,24.371,-35.627,2.012,13.624,-21.253
2025-11-09T11:00:00-05:00,2025-11-09T12:00:00-05:00,2025-11-09T16:00:00+00:00,2025-11-09T17:00:00+00:00,MOD-X-00959,60,68.09,16.335,11.517,11.979,16.302,-53.638,1.675,13.931,-16.187
2025-11-09T12:00:00-05:00,2025-11-09T13:00:00-05:00,2025-11-09T17:00:00+00:00,2025-11-09T18:00:00+00:00,MOD-X-00959,60,72.888,15.855,11.833,12.451,17.223,-49.829,1.525,18.86,-16.035
2025-11-09T13:00:00-05:00,2025-11-09T14:00:00-05:00,2025-11-09T18:00:00+00:00,2025-11-09T19:00:00+00:00,MOD-X-00959,60,73.737,15.6,12.718,13.335,19.152,-50.365,1.425,19.905,-17.12
2025-11-09T14:00:00-05:00,2025-11-09T15:00:00-05:00,2025-11-09T19:00:00+00:00,2025-11-09T20:00:00+00:00,MOD-X-00959,60,74.657,15.625,12.772,13.346,23.412,-45.169,1.226,18.541,-17.167
2025-11-09T15:00:00-05:00,2025-11-09T16:00:00-05:00,2025-11-09T20:00:00+00:00,2025-11-09T21:00:00+00:00,MOD-X-00959,60,74.49,15.947,14.715,15.354,23.613,-35.175,1.368,18.554,-18.697
2025-11-09T16:00:00-05:00,2025-11-09T17:00:00-05:00,2025-11-09T21:00:00+00:00,2025-11-09T22:00:00+00:00,MOD-X-00959,60,75.133,16.057,16.065,16.766,25.155,-27.393,1.335,21.537,-21.191
2025-11-09T17:00:00-05:00,2025-11-09T18:00:00-05:00,2025-11-09T22:00:00+00:00,2025-11-09T23:00:00+00:00,MOD-X-00959,60,77.477,15.3,16.476,17.1,24.46,-18.913,0.824,26.527,-28.064
2025-11-09T18:00:00-05:00,2025-11-09T19:00:00-05:00,2025-11-09T23:00:00+00:00,2025-11-10T00:00:00+00:00,MOD-X-00959,60,81.02,13.612,17.56,18.293,25.498,32.99,0.05,27.029,-33.735
2025-11-09T19:00:00-05:00,2025-11-09T20:00:00-05:00,2025-11-10T00:00:00+00:00,2025-11-10T01:00:00+00:00,MOD-X-00959,60,83.91,12.347,17.681,18.498,27.091,67.926,1.866,26.062,-35.863
2025-11-09T20:00:00-05:00,2025-11-09T21:00:00-05:00,2025-11-10T01:00:00+00:00,2025-11-10T02:00:00+00:00,MOD-X-00959,60,86.452,12.61,15.559,16.585,26.861,63.906,1.58,24.72,-35.323
2025-11-09T21:00:00-05:00,2025-11-09T22:00:00-05:00,2025-11-10T02:00:00+00:00,2025-11-10T03:00:00+00:00,MOD-X-00959,60,84.77,13.207,17.205,18.19,25.44,27.703,-0.295,22.987,-36.174
2025-11-09T22:00:00-05:00,2025-11-09T23:00:00-05:00,2025-11-10T03:00:00+00:00,2025-11-10T04:00:00+00:00,MOD-X-00959,60,81.35,13.312,13.991,14.731,20.135,-3.383,0.07,20.662,-31.337
2025-11-09T23:00:00-05:00,2025-11-10T00:00:00-05:00,2025-11-10T04:00:00+00:00,2025-11-10T05:00:00+00:00,MOD-X-00959,60,72.793,12.74,5.079,5.334,7.771,-85.606,1.628,13.711,-20.979
2025-11-10T00:00:00-05:00,2025-11-10T01:00:00-05:00,2025-11-10T05:00:00+00:00,2025-11-10T06:00:00+00:00,MOD-X-00959,59,66.275,12.325,3.85,4.061,5.843,-98.798,2.819,13.846,-23.382
2025-11-10T01:00:00-05:00,2025-11-10T02:00:00-05:00,2025-11-10T06:00:00+00:00,2025-11-10T07:00:00+00:00,MOD-X-00959,60,58.767,12.595,3.356,3.535,5.08,-103.192,4.026,11.447,-23.162
2025-11-10T02:00:00-05:00,2025-11-10T03:00:00-05:00,2025-11-10T07:00:00+00:00,2025-11-10T08:00:00+00:00,MOD-X-00959,60,56.508,12.262,0.958,1.072,2.577,-94.957,4.438,12.891,-27.001
2025-11-10T03:00:00-05:00,2025-11-10T04:00:00-05:00,2025-11-10T08:00:00+00:00,2025-11-10T09:00:00+00:00,MOD-X-00959,60,56.462,10.948,0.008,0.076,0.635,-94.166,4.701,16.407,-29.067
2025-11-10T04:00:00-05:00,2025-11-10T05:00:00-05:00,2025-11-10T09:00:00+00:00,2025-11-10T10:00:00+00:00,MOD-X-00959,60,55.933,9.797,0.005,0.055,0.943,-89.05,4.531,19.455,-28.273
2025-11-10T05:00:00-05:00,2025-11-10T06:00:00-05:00,2025-11-10T10:00:00+00:00,2025-11-10T11:00:00+00:00,MOD-X-00959,60,56.337,8.847,0.004,0.052,0.851,-85.167,3.619,22.066,-27.926
2025-11-10T06:00:00-05:00,2025-11-10T07:00:00-05:00,2025-11-10T11:00:00+00:00,2025-11-10T12:00:00+00:00,MOD-X-00959,60,56.67,8.007,0.004,0.054,1.231,-76.144,2.72,23.319,-28.323
2025-11-10T07:00:00-05:00,2025-11-10T08:00:00-05:00,2025-11-10T12:00:00+00:00,2025-11-10T13:00:00+00:00,MOD-X-00959,60,57.325,7.903,0.005,0.065,1.673,-64.272,2.493,23.91,-28.932
2025-11-10T08:00:00-05:00,2025-11-10T09:00:00-05:00,2025-11-10T13:00:00+00:00,2025-11-10T14:00:00+00:00,MOD-X-00959,60,51.153,9.947,0.033,0.082,1.237,-76.012,5.075,18.64,-27.339
2025-11-10T09:00:00-05:00,2025-11-10T10:00:00-05:00,2025-11-10T14:00:00+00:00,2025-11-10T15:00:00+00:00,MOD-X-00959,60,48.083,10.85,0.004,0.063,0.814,-91.268,5.848,15.987,-26.725
2025-11-10T10:00:00-05:00,2025-11-10T11:00:00-05:00,2025-11-10T15:00:00+00:00,2025-11-10T16:00:00+00:00,MOD-X-00959,60,49.222,10.03,0.011,0.079,1.629,-89.249,5.419,18.608,-26.099
2025-11-10T11:00:00-05:00,2025-11-10T12:00:00-05:00,2025-11-10T16:00:00+00:00,2025-11-10T17:00:00+00:00,MOD-X-00959,60,49.673,8.982,2.902,2.974,4.899,-86.657,4.365,21.448,-25.592
2025-11-10T12:00:00-05:00,2025-11-10T13:00:00-05:00,2025-11-10T17:00:00+00:00,2025-11-10T18:00:00+00:00,MOD-X-00959,60,48.448,8.857,1.629,1.692,3.009,-86.035,4.378,21.456,-24.454
2025-11-10T13:00:00-05:00,2025-11-10T14:00:00-05:00,2025-11-10T18:00:00+00:00,2025-11-10T19:00:00+00:00,MOD-X-00959,60,47.755,8.583,0.014,0.072,1.155,-86.909,4.17,21.677,-23.687
2025-11-10T14:00:00-05:00,2025-11-10T15:00:00-05:00,2025-11-10T19:00:00+00:00,2025-11-10T20:00:00+00:00,MOD-X-00959,60,46.828,7.823,0.02,0.067,1.483,-85.653,3.465,22.947,-22.265
2025-11-10T15:00:00-05:00,2025-11-10T16:00:00-05:00,2025-11-10T20:00:00+00:00,2025-11-10T21:00:00+00:00,MOD-X-00959,60,45.135,7.037,0.01,0.056,2.764,-84.263,2.796,23.777,-20.104
2025-11-10T16:00:00-05:00,2025-11-10T17:00:00-05:00,2025-11-10T21:00:00+00:00,2025-11-10T22:00:00+00:00,MOD-X-00959,60,44.702,6.537,0.045,0.095,1.662,-81.994,2.316,24.34,-19.413
2025-11-10T17:00:00-05:00,2025-11-10T18:00:00-05:00,2025-11-10T22:00:00+00:00,2025-11-10T23:00:00+00:00,MOD-X-00959,60,43.632,6.005,0.219,0.287,1.916,-83.208,1.831,24.301,-15.619
2025-11-10T18:00:00-05:00,2025-11-10T19:00:00-05:00,2025-11-10T23:00:00+00:00,2025-11-11T00:00:00+00:00,MOD-X-00959,60,40.723,5.432,0.248,0.312,2.134,-83.892,1.34,24.694,-14.979
2025-11-10T19:00:00-05:00,2025-11-10T20:00:00-05:00,2025-11-11T00:00:00+00:00,2025-11-11T01:00:00+00:00,MOD-X-00959,60,43.372,4.387,0.157,0.216,1.198,-81.127,0.09,25.248,-15.799
2025-11-10T20:00:00-05:00,2025-11-10T21:00:00-05:00,2025-11-11T01:00:00+00:00,2025-11-11T02:00:00+00:00,MOD-X-00959,60,45.308,3.722,0.167,0.23,1.344,-75.514,-0.995,25.655,-17.41
2025-11-10T21:00:00-05:00,2025-11-10T22:00:00-05:00,2025-11-11T02:00:00+00:00,2025-11-11T03:00:00+00:00,MOD-X-00959,60,44.345,3.227,0.054,0.119,1.855,-79.128,-1.503,24.623,-15.758
2025-11-10T22:00:00-05:00,2025-11-10T23:00:00-05:00,2025-11-11T03:00:00+00:00,2025-11-11T04:00:00+00:00,MOD-X-00959,60,45.932,2.752,0.136,0.205,1.003,-79.163,-2.285,25.13,-17.427
2025-11-10T23:00:00-05:00,2025-11-11T00:00:00-05:00,2025-11-11T04:00:00+00:00,2025-11-11T05:00:00+00:00,MOD-X-00959,60,48.618,2.488,0.229,0.288,1.305,-77.004,-2.92,25.183,-18.139
2025-11-11T00:00:00-05:00,2025-11-11T01:00:00-05:00,2025-11-11T05:00:00+00:00,2025-11-11T06:00:00+00:00,MOD-X-00959,60,48.408,3.062,0.411,0.458,0.948,-78.561,-2.214,24.892,-18.019
2025-11-11T01:00:00-05:00,2025-11-11T02:00:00-05:00,2025-11-11T06:00:00+00:00,2025-11-11T07:00:00+00:00,MOD-X-00959,60,48.18,3.4,0.511,0.579,2.118,-81.206,-1.732,24.548,-16.957
2025-11-11T02:00:00-05:00,2025-11-11T03:00:00-05:00,2025-11-11T07:00:00+00:00,2025-11-11T08:00:00+00:00,MOD-X-00959,60,47.975,3.42,0.361,0.433,1.753,-82.447,-1.711,24.423,-16.433
2025-11-11T03:00:00-05:00,2025-11-11T04:00:00-05:00,2025-11-11T08:00:00+00:00,2025-11-11T09:00:00+00:00,MOD-X-00959,60,49.65,3.082,0.49,0.613,2.562,-79.735,-2.298,24.628,-17.02
2025-11-11T04:00:00-05:00,2025-11-11T05:00:00-05:00,2025-11-11T09:00:00+00:00,2025-11-11T10:00:00+00:00,MOD-X-00959,60,49.973,2.797,0.682,0.814,2.335,-76.47,-2.723,24.3,-17.381
2025-11-11T05:00:00-05:00,2025-11-11T06:00:00-05:00,2025-11-11T10:00:00+00:00,2025-11-11T11:00:00+00:00,MOD-X-00959,60,49.048,2.508,0.814,0.932,2.935,-73.211,-3.026,24.556,-18.403
2025-11-11T06:00:00-05:00,2025-11-11T07:00:00-05:00,2025-11-11T11:00:00+00:00,2025-11-11T12:00:00+00:00,MOD-X-00959,60,49.905,2.072,0.543,0.656,2.57,-69.341,-3.66,24.968,-19.312
2025-11-11T07:00:00-05:00,2025-11-11T08:00:00-05:00,2025-11-11T12:00:00+00:00,2025-11-11T13:00:00+00:00,MOD-X-00959,60,49.073,2.378,0.408,0.522,4.092,-67.467,-3.24,24.905,-19.11
2025-11-11T08:00:00-05:00,2025-11-11T09:00:00-05:00,2025-11-11T13:00:00+00:00,2025-11-11T14:00:00+00:00,MOD-X-00959,60,44.217,3.617,0.271,0.439,3.464,-71.881,-1.234,24.876,-18.193
2025-11-11T09:00:00-05:00,2025-11-11T10:00:00-05:00,2025-11-11T14:00:00+00:00,2025-11-11T15:00:00+00:00,MOD-X-00959,60,40.672,4.67,0.273,0.449,4.282,-75.332,0.469,24.814,-17.4
2025-11-11T10:00:00-05:00,2025-11-11T11:00:00-05:00,2025-11-11T15:00:00+00:00,2025-11-11T16:00:00+00:00,MOD-X-00959,60,36.772,6.93,0.366,0.499,2.757,-74.843,2.977,23.996,-16.552
2025-11-11T11:00:00-05:00,2025-11-11T12:00:00-05:00,2025-11-11T16:00:00+00:00,2025-11-11T17:00:00+00:00,MOD-X-00959,60,36.42,7.975,0.462,0.603,4.826,-86.101,4.009,23.205,-15.42
2025-11-11T12:00:00-05:00,2025-11-11T13:00:00-05:00,2025-11-11T17:00:00+00:00,2025-11-11T18:00:00+00:00,MOD-X-00959,60,42.015,6.238,0.747,0.878,5.304,-77.513,2.273,25.85,-16.494
2025-11-11T13:00:00-05:00,2025-11-11T14:00:00-05:00,2025-11-11T18:00:00+00:00,2025-11-11T19:00:00+00:00,MOD-X-00959,59,41.127,7.153,1.067,1.204,4.933,-76.802,3.321,25.455,-17.038
2025-11-11T14:00:00-05:00,2025-11-11T15:00:00-05:00,2025-11-11T19:00:00+00:00,2025-11-11T20:00:00+00:00,MOD-X-00959,60,39.695,8.148,1.197,1.32,5.728,-74.196,4.268,24.102,-17.696
2025-11-11T15:00:00-05:00,2025-11-11T16:00:00-05:00,2025-11-11T20:00:00+00:00,2025-11-11T21:00:00+00:00,MOD-X-00959,60,38.452,8.803,1.149,1.264,5.686,-80.042,4.761,23.541,-17.295
2025-11-11T16:00:00-05:00,2025-11-11T17:00:00-05:00,2025-11-11T21:00:00+00:00,2025-11-11T22:00:00+00:00,MOD-X-00959,60,43.438,6.938,1.047,1.147,3.681,-74.161,3.009,26.589,-18.737
2025-11-11T17:00:00-05:00,2025-11-11T18:00:00-05:00,2025-11-11T22:00:00+00:00,2025-11-11T23:00:00+00:00,MOD-X-00959,60,45.405,6.135,1.412,1.526,4.22,-66.835,1.968,27.918,-21.643
2025-11-11T18:00:00-05:00,2025-11-11T19:00:00-05:00,2025-11-11T23:00:00+00:00,2025-11-12T00:00:00+00:00,MOD-X-00959,60,46.075,5.943,1.87,2.043,4.732,-62.577,1.642,28.579,-23.68
2025-11-11T19:00:00-05:00,2025-11-11T20:00:00-05:00,2025-11-12T00:00:00+00:00,2025-11-12T01:00:00+00:00,MOD-X-00959,60,47.363,5.163,3.021,3.271,6.969,-57.83,0.514,31.596,-27.685
2025-11-11T20:00:00-05:00,2025-11-11T21:00:00-05:00,2025-11-12T01:00:00+00:00,2025-11-12T02:00:00+00:00,MOD-X-00959,60,48.44,4.283,2.711,2.944,6.144,-58.179,-0.679,30.52,-26.929
2025-11-11T21:00:00-05:00,2025-11-11T22:00:00-05:00,2025-11-12T02:00:00+00:00,2025-11-12T03:00:00+00:00,MOD-X-00959,60,49.053,4.183,2.25,2.577,6.89,-56.814,-0.902,32.484,-30.327
2025-11-11T22:00:00-05:00,2025-11-11T23:00:00-05:00,2025-11-12T03:00:00+00:00,2025-11-12T04:00:00+00:00,MOD-X-00959,60,49.652,4.3,2.31,2.471,6.053,-58.801,-0.76,30.623,-29.113
2025-11-11T23:00:00-05:00,2025-11-12T00:00:00-05:00,2025-11-12T04:00:00+00:00,2025-11-12T05:00:00+00:00,MOD-X-00959,60,51.975,4.383,2.872,3.083,5.627,-58.383,-0.92,32.437,-32.3
2025-11-12T00:00:00-05:00,2025-11-12T01:00:00-05:00,2025-11-12T05:00:00+00:00,2025-11-12T06:00:00+00:00,MOD-X-00959,60,53.865,4.4,3.486,3.69,7.371,-55.348,-1.405,32.869,-33.772
2025-11-12T01:00:00-05:00,2025-11-12T02:00:00-05:00,2025-11-12T06:00:00+00:00,2025-11-12T07:00:00+00:00,MOD-X-00959,60,53.852,4.528,4.413,4.789,8.72,-46.769,-1.549,36.99,-37.421
2025-11-12T02:00:00-05:00,2025-11-12T03:00:00-05:00,2025-11-12T07:00:00+00:00,2025-11-12T08:00:00+00:00,MOD-X-00959,60,50.665,4.692,2.561,2.737,8.18,-56.177,-0.911,30.708,-29.917
2025-11-12T03:00:00-05:00,2025-11-12T04:00:00-05:00,2025-11-12T08:00:00+00:00,2025-11-12T09:00:00+00:00,MOD-X-00959,60,46.355,5.05,1.457,1.588,3.346,-71.559,0.461,26.407,-23.562
2025-11-12T04:00:00-05:00,2025-11-12T05:00:00-05:00,2025-11-12T09:00:00+00:00,2025-11-12T10:00:00+00:00,MOD-X-00959,60,47.452,5.1,2.144,2.335,5.563,-62.59,0.13,30.386,-28.796
2025-11-12T05:00:00-05:00,2025-11-12T06:00:00-05:00,2025-11-12T10:00:00+00:00,2025-11-12T11:00:00+00:00,MOD-X-00959,60,51.993,5.043,3.195,3.425,6.998,-34.865,-0.386,34.382,-35.271
2025-11-12T06:00:00-05:00,2025-11-12T07:00:00-05:00,2025-11-12T11:00:00+00:00,2025-11-12T12:00:00+00:00,MOD-X-00959,60,50.72,5.0,3.665,3.895,8.611,-35.035,-0.464,34.813,-35.668
2025-11-12T07:00:00-05:00,2025-11-12T08:00:00-05:00,2025-11-12T12:00:00+00:00,2025-11-12T13:00:00+00:00,MOD-X-00959,60,48.312,5.128,4.541,4.806,10.44,-35.96,0.235,31.372,-31.942
2025-11-12T08:00:00-05:00,2025-11-12T09:00:00-05:00,2025-11-12T13:00:00+00:00,2025-11-12T14:00:00+00:00,MOD-X-00959,60,48.065,5.537,5.393,5.728,13.604,-24.515,0.192,33.982,-34.768
2025-11-12T09:00:00-05:00,2025-11-12T10:00:00-05:00,2025-11-12T14:00:00+00:00,2025-11-12T15:00:00+00:00,MOD-X-00959,60,46.355,6.363,8.364,8.78,17.671,-30.861,0.519,34.724,-34.677
2025-11-12T10:00:00-05:00,2025-11-12T11:00:00-05:00,2025-11-12T15:00:00+00:00,2025-11-12T16:00:00+00:00,MOD-X-00959,60,43.112,7.75,7.01,7.466,22.541,-40.609,2.849,30.126,-29.221
2025-11-12T11:00:00-05:00,2025-11-12T12:00:00-05:00,2025-11-12T16:00:00+00:00,2025-11-12T17:00:00+00:00,MOD-X-00959,60,34.523,13.398,8.637,9.429,43.665,-2.67,3.008,21.128,-26.349
2025-11-12T12:00:00-05:00,2025-11-12T13:00:00-05:00,2025-11-12T17:00:00+00:00,2025-11-12T18:00:00+00:00,MOD-X-00959,60,30.387,17.715,7.24,7.728,21.596,-80.517,1.143,9.787,-16.216
2025-11-12T13:00:00-05:00,2025-11-12T14:00:00-05:00,2025-11-12T18:00:00+00:00,2025-11-12T19:00:00+00:00,MOD-X-00959,60,35.907,16.02,4.194,4.543,13.211,-94.305,2.783,14.792,-10.212
2025-11-12T14:00:00-05:00,2025-11-12T15:00:00-05:00,2025-11-12T19:00:00+00:00,2025-11-12T20:00:00+00:00,MOD-X-00959,60,40.037,15.018,3.472,3.776,10.198,-77.565,3.651,17.947,-9.717
2025-11-12T15:00:00-05:00,2025-11-12T16:00:00-05:00,2025-11-12T20:00:00+00:00,2025-11-12T21:00:00+00:00,MOD-X-00959,60,42.58,13.773,2.857,3.214,11.425,-76.635,4.586,23.179,-11.448
2025-11-12T16:00:00-05:00,2025-11-12T17:00:00-05:00,2025-11-12T21:00:00+00:00,2025-11-12T22:00:00+00:00,MOD-X-00959,60,43.307,13.5,2.359,2.709,8.601,-69.909,4.737,26.674,-14.296
2025-11-12T17:00:00-05:00,2025-11-12T18:00:00-05:00,2025-11-12T22:00:00+00:00,2025-11-12T23:00:00+00:00,MOD-X-00959,60,46.963,13.093,3.498,3.864,11.98,-73.096,4.986,22.301,-13.151
2025-11-12T18:00:00-05:00,2025-11-12T19:00:00-05:00,2025-11-12T23:00:00+00:00,2025-11-13T00:00:00+00:00,MOD-X-00959,60,47.875,12.465,4.359,4.791,12.154,-69.052,5.347,21.462,-13.694
2025-11-12T19:00:00-05:00,2025-11-12T20:00:00-05:00,2025-11-13T00:00:00+00:00,2025-11-13T01:00:00+00:00,MOD-X-00959,60,48.837,11.713,4.244,4.733,14.518,-67.633,5.818,24.676,-15.893
2025-11-12T20:00:00-05:00,2025-11-12T21:00:00-05:00,2025-11-13T01:00:00+00:00,2025-11-13T02:00:00+00:00,MOD-X-00959,59,48.354,11.988,3.99,4.49,14.607,-63.846,5.582,24.143,-17.634
2025-11-12T21:00:00-05:00,2025-11-12T22:00:00-05:00,2025-11-13T02:00:00+00:00,2025-11-13T03:00:00+00:00,MOD-X-00959,60,46.625,11.9,3.712,4.17,12.564,-61.735,5.633,23.276,-17.455
2025-11-12T22:00:00-05:00,2025-11-12T23:00:00-05:00,2025-11-13T03:00:00+00:00,2025-11-13T04:00:00+00:00,MOD-X-00959,60,43.628,11.308,3.106,3.484,9.703,-79.021,6.073,24.623,-15.567
2025-11-12T23:00:00-05:00,2025-11-13T00:00:00-05:00,2025-11-13T04:00:00+00:00,2025-11-13T05:00:00+00:00,MOD-X-00959,60,41.607,11.478,4.047,4.354,9.973,-82.858,6.05,20.065,-12.658
2025-11-13T00:00:00-05:00,2025-11-13T01:00:00-05:00,2025-11-13T05:00:00+00:00,2025-11-13T06:00:00+00:00,MOD-X-00959,60,42.075,11.173,4.157,4.488,10.506,-82.232,6.244,26.048,-15.31
2025-11-13T01:00:00-05:00,2025-11-13T02:00:00-05:00,2025-11-13T06:00:00+00:00,2025-11-13T07:00:00+00:00,MOD-X-00959,60,43.79,10.745,4.723,5.081,10.411,-79.715,6.434,28.091,-17.828
2025-11-13T02:00:00-05:00,2025-11-13T03:00:00-05:00,2025-11-13T07:00:00+00:00,2025-11-13T08:00:00+00:00,MOD-X-00959,60,46.075,9.903,4.338,4.668,8.838,-76.039,6.032,28.895,-18.222
2025-11-13T03:00:00-05:00,2025-11-13T04:00:00-05:00,2025-11-13T08:00:00+00:00,2025-11-13T09:00:00+00:00,MOD-X-00959,60,46.202,10.388,4.292,4.623,9.549,-79.148,6.449,25.054,-15.623
2025-11-13T04:00:00-05:00,2025-11-13T05:00:00-05:00,2025-11-13T09:00:00+00:00,2025-11-13T10:00:00+00:00,MOD-X-00959,60,50.287,9.067,4.6,4.94,11.213,-70.625,4.81,28.533,-19.824
2025-11-13T05:00:00-05:00,2025-11-13T06:00:00-05:00,2025-11-13T10:00:00+00:00,2025-11-13T11:00:00+00:00,MOD-X-00959,60,49.2,8.453,3.633,3.974,9.34,-67.276,4.229,26.767,-16.496
2025-11-13T06:00:00-05:00,2025-11-13T07:00:00-05:00,2025-11-13T11:00:00+00:00,2025-11-13T12:00:00+00:00,MOD-X-00959,28,,,,,,,,,
2025-11-13T07:00:00-05:00,2025-11-13T08:00:00-05:00,2025-11-13T12:00:00+00:00,2025-11-13T13:00:00+00:00,MOD-X-00959,0,,,,,,,,,
2025-11-13T08:00:00-05:00,2025-11-13T09:00:00-05:00,2025-11-13T13:00:00+00:00,2025-11-13T14:00:00+00:00,MOD-X-00959,0,,,,,,,,,
2025-11-13T09:00:00-05:00,2025-11-13T10:00:00-05:00,2025-11-13T14:00:00+00:00,2025-11-13T15:00:00+00:00,MOD-X-00959,0,,,,,,,,,
2025-11-13T10:00:00-05:00,2025-11-13T11:00:00-05:00,2025-11-13T15:00:00+00:00,2025-11-13T16:00:00+00:00,MOD-X-00959,48,38.252,11.246,0.732,0.933,6.024,-84.092,5.518,15.417,-10.937
2025-11-13T11:00:00-05:00,2025-11-13T12:00:00-05:00,2025-11-13T16:00:00+00:00,2025-11-13T17:00:00+00:00,MOD-X-00959,60,32.08,14.487,0.56,0.73,4.417,-98.908,3.799,11.091,-8.383
2025-11-13T12:00:00-05:00,2025-11-13T13:00:00-05:00,2025-11-13T17:00:00+00:00,2025-11-13T18:00:00+00:00,MOD-X-00959,60,26.553,17.907,0.439,0.611,4.919,-117.306,1.323,8.196,-5.623
2025-11-13T13:00:00-05:00,2025-11-13T14:00:00-05:00,2025-11-13T18:00:00+00:00,2025-11-13T19:00:00+00:00,MOD-X-00959,60,28.972,15.75,0.581,0.765,6.031,-107.705,3.115,12.928,-3.836
2025-11-13T14:00:00-05:00,2025-11-13T15:00:00-05:00,2025-11-13T19:00:00+00:00,2025-11-13T20:00:00+00:00,MOD-X-00959,55,31.173,14.469,0.575,0.743,3.67,-88.922,4.308,17.385,-5.593
2025-11-13T15:00:00-05:00,2025-11-13T16:00:00-05:00,2025-11-13T20:00:00+00:00,2025-11-13T21:00:00+00:00,MOD-X-00959,60,28.687,15.405,0.495,0.703,4.654,-91.993,3.541,15.758,-4.84
2025-11-13T16:00:00-05:00,2025-11-13T17:00:00-05:00,2025-11-13T21:00:00+00:00,2025-11-13T22:00:00+00:00,MOD-X-00959,59,33.183,12.647,0.549,0.79,5.363,-75.906,5.792,25.42,-6.924
2025-11-13T17:00:00-05:00,2025-11-13T18:00:00-05:00,2025-11-13T22:00:00+00:00,2025-11-13T23:00:00+00:00,MOD-X-00959,60,39.322,10.588,0.831,1.093,5.6,-59.75,6.53,30.501,-13.966
2025-11-13T18:00:00-05:00,2025-11-13T19:00:00-05:00,2025-11-13T23:00:00+00:00,2025-11-14T00:00:00+00:00,MOD-X-00959,60,48.607,8.328,2.295,2.672,7.934,37.214,4.209,39.977,-30.819
2025-11-13T19:00:00-05:00,2025-11-13T20:00:00-05:00,2025-11-14T00:00:00+00:00,2025-11-14T01:00:00+00:00,MOD-X-00959,60,54.43,7.035,1.773,2.09,7.928,33.991,2.397,35.567,-28.538
2025-11-13T20:00:00-05:00,2025-11-13T21:00:00-05:00,2025-11-14T01:00:00+00:00,2025-11-14T02:00:00+00:00,MOD-X-00959,60,51.445,7.3,1.843,2.164,6.285,-21.886,2.868,29.534,-21.306
2025-11-13T21:00:00-05:00,2025-11-13T22:00:00-05:00,2025-11-14T02:00:00+00:00,2025-11-14T03:00:00+00:00,MOD-X-00959,60,44.335,9.132,1.369,1.649,5.99,-63.704,5.34,23.965,-13.25
2025-11-13T22:00:00-05:00,2025-11-13T23:00:00-05:00,2025-11-14T03:00:00+00:00,2025-11-14T04:00:00+00:00,MOD-X-00959,60,43.78,9.232,1.06,1.293,4.192,-69.013,5.47,25.048,-13.408
2025-11-13T23:00:00-05:00,2025-11-14T00:00:00-05:00,2025-11-14T04:00:00+00:00,2025-11-14T05:00:00+00:00,MOD-X-00959,60,45.213,8.968,1.069,1.338,5.345,-72.534,5.143,24.163,-11.135
2025-11-14T00:00:00-05:00,2025-11-14T01:00:00-05:00,2025-11-14T05:00:00+00:00,2025-11-14T06:00:00+00:00,MOD-X-00959,60,47.327,8.857,1.335,1.595,4.771,-75.054,4.868,25.019,-11.776
2025-11-14T01:00:00-05:00,2025-11-14T02:00:00-05:00,2025-11-14T06:00:00+00:00,2025-11-14T07:00:00+00:00,MOD-X-00959,60,49.748,8.432,1.661,1.891,5.56,-75.362,4.217,25.019,-12.161
2025-11-14T02:00:00-05:00,2025-11-14T03:00:00-05:00,2025-11-14T07:00:00+00:00,2025-11-14T08:00:00+00:00,MOD-X-00959,60,49.833,7.835,1.228,1.446,3.793,-76.908,3.534,24.869,-12.889
2025-11-14T03:00:00-05:00,2025-11-14T04:00:00-05:00,2025-11-14T08:00:00+00:00,2025-11-14T09:00:00+00:00,MOD-X-00959,60,50.682,7.02,0.824,1.01,2.82,-81.289,2.548,26.404,-15.688
2025-11-14T04:00:00-05:00,2025-11-14T05:00:00-05:00,2025-11-14T09:00:00+00:00,2025-11-14T10:00:00+00:00,MOD-X-00959,60,58.178,5.055,2.319,2.619,8.476,-62.61,-1.163,37.657,-31.867
2025-11-14T05:00:00-05:00,2025-11-14T06:00:00-05:00,2025-11-14T10:00:00+00:00,2025-11-14T11:00:00+00:00,MOD-X-00959,60,60.23,4.258,1.853,2.234,7.265,-46.868,19.206,38.127,-33.261
2025-11-14T06:00:00-05:00,2025-11-14T07:00:00-05:00,2025-11-14T11:00:00+00:00,2025-11-14T12:00:00+00:00,MOD-X-00959,60,63.58,3.458,1.554,1.885,6.374,-24.101,2.152,37.725,-35.869
2025-11-14T07:00:00-05:00,2025-11-14T08:00:00-05:00,2025-11-14T12:00:00+00:00,2025-11-14T13:00:00+00:00,MOD-X-00959,60,59.435,4.592,2.061,2.366,8.057,-21.887,-1.998,33.201,-31.293
2025-11-14T08:00:00-05:00,2025-11-14T09:00:00-05:00,2025-11-14T13:00:00+00:00,2025-11-14T14:00:00+00:00,MOD-X-00959,60,47.062,8.94,2.519,2.871,12.698,-49.205,4.155,25.896,-22.151
2025-11-14T09:00:00-05:00,2025-11-14T10:00:00-05:00,2025-11-14T14:00:00+00:00,2025-11-14T15:00:00+00:00,MOD-X-00959,60,39.338,13.213,1.867,2.164,9.655,-63.693,3.904,16.948,-17.385
2025-11-14T10:00:00-05:00,2025-11-14T11:00:00-05:00,2025-11-14T15:00:00+00:00,2025-11-14T16:00:00+00:00,MOD-X-00959,60,31.403,17.513,0.976,1.161,4.144,-104.504,1.477,7.22,-7.402
2025-11-14T11:00:00-05:00,2025-11-14T12:00:00-05:00,2025-11-14T16:00:00+00:00,2025-11-14T17:00:00+00:00,MOD-X-00959,60,30.47,17.625,0.51,0.68,3.312,-111.598,1.755,8.526,-5.429
2025-11-14T12:00:00-05:00,2025-11-14T13:00:00-05:00,2025-11-14T17:00:00+00:00,2025-11-14T18:00:00+00:00,MOD-X-00959,60,29.25,16.818,0.406,0.561,4.215,-107.719,2.293,10.667,-3.833
2025-11-14T13:00:00-05:00,2025-11-14T14:00:00-05:00,2025-11-14T18:00:00+00:00,2025-11-14T19:00:00+00:00,MOD-X-00959,55,31.24,15.18,0.46,0.652,3.94,-88.535,3.752,17.317,-6.001
2025-11-14T14:00:00-05:00,2025-11-14T15:00:00-05:00,2025-11-14T19:00:00+00:00,2025-11-14T20:00:00+00:00,MOD-X-00959,55,33.318,13.373,0.701,0.907,3.025,-71.471,5.13,25.938,-9.403
2025-11-14T15:00:00-05:00,2025-11-14T16:00:00-05:00,2025-11-14T20:00:00+00:00,2025-11-14T21:00:00+00:00,MOD-X-00959,59,37.875,12.49,2.866,3.181,11.576,-48.2,5.732,29.918,-13.706
2025-11-14T16:00:00-05:00,2025-11-14T17:00:00-05:00,2025-11-14T21:00:00+00:00,2025-11-14T22:00:00+00:00,MOD-X-00959,60,41.232,11.995,4.156,4.603,18.065,-27.191,5.964,32.178,-19.174
2025-11-14T17:00:00-05:00,2025-11-14T18:00:00-05:00,2025-11-14T22:00:00+00:00,2025-11-14T23:00:00+00:00,MOD-X-00959,60,44.103,11.482,5.623,6.21,23.537,-1.153,6.087,36.664,-27.653
2025-11-14T18:00:00-05:00,2025-11-14T19:00:00-05:00,2025-11-14T23:00:00+00:00,2025-11-15T00:00:00+00:00,MOD-X-00959,60,49.067,10.803,5.994,6.633,26.039,19.458,6.046,38.949,-34.063
2025-11-14T19:00:00-05:00,2025-11-14T20:00:00-05:00,2025-11-15T00:00:00+00:00,2025-11-15T01:00:00+00:00,MOD-X-00959,60,53.367,10.368,6.026,6.756,27.285,27.947,5.198,38.768,-35.142
2025-11-14T20:00:00-05:00,2025-11-14T21:00:00-05:00,2025-11-15T01:00:00+00:00,2025-11-15T02:00:00+00:00,MOD-X-00959,60,54.115,9.898,8.145,8.804,23.792,37.387,4.537,37.792,-36.48
2025-11-14T21:00:00-05:00,2025-11-14T22:00:00-05:00,2025-11-15T02:00:00+00:00,2025-11-15T03:00:00+00:00,MOD-X-00959,60,55.133,9.395,9.634,10.322,22.86,71.788,2.749,37.527,-36.986
2025-11-14T22:00:00-05:00,2025-11-14T23:00:00-05:00,2025-11-15T03:00:00+00:00,2025-11-15T04:00:00+00:00,MOD-X-00959,60,57.847,9.168,9.606,10.327,26.682,50.38,2.087,36.725,-37.126
2025-11-14T23:00:00-05:00,2025-11-15T00:00:00-05:00,2025-11-15T04:00:00+00:00,2025-11-15T05:00:00+00:00,MOD-X-00959,60,58.918,8.783,11.85,12.599,26.078,71.196,1.326,35.748,-37.579
2025-11-15T00:00:00-05:00,2025-11-15T01:00:00-05:00,2025-11-15T05:00:00+00:00,2025-11-15T06:00:00+00:00,MOD-X-00959,60,60.15,8.475,10.067,10.747,24.417,43.065,4.363,34.882,-37.822
2025-11-15T01:00:00-05:00,2025-11-15T02:00:00-05:00,2025-11-15T06:00:00+00:00,2025-11-15T07:00:00+00:00,MOD-X-00959,60,61.495,7.432,7.136,7.555,16.558,-20.298,1.845,27.687,-33.073
2025-11-15T02:00:00-05:00,2025-11-15T03:00:00-05:00,2025-11-15T07:00:00+00:00,2025-11-15T08:00:00+00:00,MOD-X-00959,60,64.428,6.147,5.514,5.904,16.331,-35.23,0.029,25.346,-29.829
2025-11-15T03:00:00-05:00,2025-11-15T04:00:00-05:00,2025-11-15T08:00:00+00:00,2025-11-15T09:00:00+00:00,MOD-X-00959,60,63.82,6.25,4.728,5.121,10.69,-44.572,0.143,24.857,-29.724
2025-11-15T04:00:00-05:00,2025-11-15T05:00:00-05:00,2025-11-15T09:00:00+00:00,2025-11-15T10:00:00+00:00,MOD-X-00959,60,67.698,5.763,4.785,5.183,10.665,-44.428,-0.917,25.818,-32.295
2025-11-15T05:00:00-05:00,2025-11-15T06:00:00-05:00,2025-11-15T10:00:00+00:00,2025-11-15T11:00:00+00:00,MOD-X-00959,60,67.982,5.822,4.713,5.106,12.575,-38.015,-1.046,26.76,-34.448
2025-11-15T06:00:00-05:00,2025-11-15T07:00:00-05:00,2025-11-15T11:00:00+00:00,2025-11-15T12:00:00+00:00,MOD-X-00959,60,67.262,5.96,4.823,5.189,11.677,-48.791,-0.661,26.275,-34.09
2025-11-15T07:00:00-05:00,2025-11-15T08:00:00-05:00,2025-11-15T12:00:00+00:00,2025-11-15T13:00:00+00:00,MOD-X-00959,60,68.485,5.972,5.888,6.316,13.304,-35.928,-1.048,26.648,-35.783
2025-11-15T08:00:00-05:00,2025-11-15T09:00:00-05:00,2025-11-15T13:00:00+00:00,2025-11-15T14:00:00+00:00,MOD-X-00959,60,59.293,8.538,6.486,6.902,14.468,-27.349,2.565,24.656,-32.858
2025-11-15T09:00:00-05:00,2025-11-15T10:00:00-05:00,2025-11-15T14:00:00+00:00,2025-11-15T15:00:00+00:00,MOD-X-00959,60,53.142,10.087,9.432,9.967,18.642,-2.821,3.804,26.443,-31.02
2025-11-15T10:00:00-05:00,2025-11-15T11:00:00-05:00,2025-11-15T15:00:00+00:00,2025-11-15T16:00:00+00:00,MOD-X-00959,60,45.233,12.047,10.691,11.245,21.806,-18.344,4.179,24.555,-26.982
2025-11-15T11:00:00-05:00,2025-11-15T12:00:00-05:00,2025-11-15T16:00:00+00:00,2025-11-15T17:00:00+00:00,MOD-X-00959,60,43.892,12.665,11.187,11.773,23.779,-22.022,4.471,21.741,-23.971
2025-11-15T12:00:00-05:00,2025-11-15T13:00:00-05:00,2025-11-15T17:00:00+00:00,2025-11-15T18:00:00+00:00,MOD-X-00959,60,42.797,13.478,11.895,12.5,23.602,-16.731,3.627,25.958,-24.845
2025-11-15T13:00:00-05:00,2025-11-15T14:00:00-05:00,2025-11-15T18:00:00+00:00,2025-11-15T19:00:00+00:00,MOD-X-00959,60,43.493,13.643,13.547,14.142,27.371,-12.719,3.919,26.735,-23.595
2025-11-15T14:00:00-05:00,2025-11-15T15:00:00-05:00,2025-11-15T19:00:00+00:00,2025-11-15T20:00:00+00:00,MOD-X-00959,60,45.203,13.792,14.62,15.334,32.742,10.493,4.247,28.319,-24.319
2025-11-15T15:00:00-05:00,2025-11-15T16:00:00-05:00,2025-11-15T20:00:00+00:00,2025-11-15T21:00:00+00:00,MOD-X-00959,60,45.78,13.765,14.238,14.955,31.163,12.497,3.744,30.467,-25.799
2025-11-15T16:00:00-05:00,2025-11-15T17:00:00-05:00,2025-11-15T21:00:00+00:00,2025-11-15T22:00:00+00:00,MOD-X-00959,60,47.268,13.188,13.727,14.32,30.756,12.748,4.407,29.952,-24.825
2025-11-15T17:00:00-05:00,2025-11-15T18:00:00-05:00,2025-11-15T22:00:00+00:00,2025-11-15T23:00:00+00:00,MOD-X-00959,60,49.835,12.56,15.043,15.696,31.784,30.302,4.902,30.578,-26.994
2025-11-15T18:00:00-05:00,2025-11-15T19:00:00-05:00,2025-11-15T23:00:00+00:00,2025-11-16T00:00:00+00:00,MOD-X-00959,60,52.117,12.18,17.464,18.121,34.959,42.234,5.068,30.425,-28.413
2025-11-15T19:00:00-05:00,2025-11-15T20:00:00-05:00,2025-11-16T00:00:00+00:00,2025-11-16T01:00:00+00:00,MOD-X-00959,18,,,,,,,,,
2025-11-15T20:00:00-05:00,2025-11-15T21:00:00-05:00,2025-11-16T01:00:00+00:00,2025-11-16T02:00:00+00:00,MOD-X-00959,0,,,,,,,,,
2025-11-15T21:00:00-05:00,2025-11-15T22:00:00-05:00,2025-11-16T02:00:00+00:00,2025-11-16T03:00:00+00:00,MOD-X-00959,0,,,,,,,,,
2025-11-15T22:00:00-05:00,2025-11-15T23:00:00-05:00,2025-11-16T03:00:00+00:00,2025-11-16T04:00:00+00:00,MOD-X-00959,0,,,,,,,,,
2025-11-15T23:00:00-05:00,2025-11-16T00:00:00-05:00,2025-11-16T04:00:00+00:00,2025-11-16T05:00:00+00:00,MOD-X-00959,0,,,,,,,,,
